{"trades": 39313, "largestWin": 29244.600028, "views": 67764, "joinDate": "2026-01-19T21:12:21.586000Z"}