{"file": "data/polymarket/predictions_2026-03-15_batch6_v1.jsonl", "n": 15, "mean_abs_diff_to_mkt": 0.40123333333333333, "median_abs_diff_to_mkt": 0.46950000000000003, "max_abs_diff_to_mkt": 0.4985}
