{"file": "data/polymarket/predictions_2026-03-15_batch3.jsonl", "n": 15, "mean_abs_diff_to_mkt": 0.18223333333333333, "median_abs_diff_to_mkt": 0.1245, "max_abs_diff_to_mkt": 0.46799999999999997}
