{"file": "data/polymarket/predictions_2026-03-15_batch2.jsonl", "n": 12, "mean_abs_diff_to_mkt": 0.18054166666666666, "median_abs_diff_to_mkt": 0.10824999999999999, "max_abs_diff_to_mkt": 0.4685}
